fund_code,type,nav,shares,trade_date,note
009645,buy,2.2921,261.77,2021-11-18,首次买入
009645,buy,1.9509,768.88,2022-01-12
009645,buy,1.8665,267.88,2022-03-03
009645,buy,1.8191,274.86,2022-03-16
009645,buy,1.6673,119.95,2022-04-01
009645,buy,1.5041,166.21,2022-04-12
009645,sell,1.8400,464.89,2022-07-05
009645,sell,1.9235,464.89,2022-07-07
009645,sell,1.9409,260,2022-07-15
009645,sell,1.9453,223.26,2022-08-09
009645,sell,1.9550,111.63,2022-08-11
009645,sell,2.0591,83.72,2022-08-18
009645,buy,1.6412,60.93,2022-10-31
009645,buy,1.4315,69.86,2023-12-23
009645,buy,1.2901,155.03,2023-07-11
009645,sell,1.6562,536.98,2025-08-21
009645,buy,3.0222,496.33,2025-07-15

001629,buy,1.0123,1677.66,2020-07-29,首次买入
001629,buy,0.7060,849.01,2022-03-29
001629,buy,0.6724,297.14,2022-04-12
001629,buy,0.6227,320.86,2022-05-11
001629,buy,0.6062,247.2,2022-05-25
001629,sell,0.7603,847.97,2023-02-02
001629,sell,0.7829,847.97,2023-02-09
001629,sell,0.8093,423.98,2023-03-02
001629,sell,0.8911,1000,2023-03-24
001629,sell,0.9556,271.95,2023-04-03
001629,buy,0.8823,566.13,2026-07-10
001629,buy,0.8291,361.48,2026-07-17

011609,buy,0.8894,562.18,2025-08-21,首次买入
011609,buy,0.9807,509.84,2025-08-27
011609,buy,1.0481,477.05,2025-08-28
011609,buy,1.0033,199.34,2025-09-03
011609,buy,1.0260,292.40,2025-09-12
011609,buy,1.0492,476.55,2025-09-17
011609,buy,1.0765,464.47,2025-09-13
011609,buy,1.1095,721.05,2025-10-10
011609,buy,1.0719,932.92,2025-11-03
011609,buy,1.0981,455.33,2025-11-06
011609,buy,1.0643,469.79,206-03-16
011609,sell,1.2012,1853.64,2026-04-30
011609,buy,1.3098,2290.43,2026-05-11
011609,sell,1.4998,1999.24,2026-07-03
011609,sell,1.5148,1332.82,2026-07-06
011609,sell,1.5640,1332.83,2026-07-10

004855,buy,1.6493,606.32,2021-09-02,首次买入
004855,buy,1.5511,580.23,2021-10-11
004855,buy,1.1878,252.57,2022-04-06
004855,buy,1.0466,95.55,2022-04-27
004855,buy,1.0466,47.77,2022-04-27
004855,sell,1.4125,900,2022-06-07
004855,sell,1.5489,682.44,2022-06-14
004855,buy,1.3171,227.77,2026-07-07
004855,buy,1.3036,230.13,2026-07-15

161028,buy,1.5050,663.65,2021-09-06,首次买入
161028,buy,1.2080,330.73,2022-03-29
161028,buy,1.227,244.21,2022-03-31
161028,buy,1.13,132.58,2022-04-12
161028,sell,1.3070,685.59,2022-06-07
161028,sell,1.3620,342.79,2022-06-15
161028,sell,1.4450,342.79,2022-06-20
161028,buy,1.016,491.54,2025-09-05
161028,buy,1.2200,654.95,2026-01-19
161028,buy,1.0800,277.44,2026-07-09

011323,buy,2.4326,328.87,2025-10-13,首次买入
011323,buy,2.4039,249.59,2026-03-06
011323,buy,2.6676,299.9,2026-05-26
011323,sell,2.5542,439.18,2026-06-03

017811,buy,3.7978,236.97,2026-07-02
017811,buy,3.4722,144,2026-07-16

023536,buy,1.1428,349.67,2025-08-21
023536,buy,1.1358,527.73,2026-01-14
023536,buy,1.0935,456.79,2026-01-15
023536,buy,1.0336,483.26,2026-01-26
023536,buy,0.7256,826.07,2026-07-07
023536,buy,0.7256,206.52,2026-07-07


018927,buy,1.7491,343.03,2026-06-16
018927,buy,1.4196,352.21,2026-07-15

018957,buy,3.1208,128.17,2025-09-01
018957,buy,3.6702,81.74,2026-02-09
018957,sell,5.2569,104.96,2026-06-08

018994,buy,2.0686,145.03,2025-08-06
018994,buy,2.3111,173.08,2025-08-21
018994,buy,2.3111,129.81,2025-08-21
018994,buy,2.7334,182.92,2025-08-28
018994,buy,2.8241,106.23,2025-09-12
018994,buy,2.889,173.07,2025-09-17
018994,buy,3.1079,96.53,2025-10-28
018994,buy,3.1618,221.39,2026-01-15
018994,buy,3.1618,316.28,2026-01-15
018994,buy,3.1809,251.5,2026-01-19
018994,sell,3.5376,897.92,2026-04-27
018994,buy,4.0336,247.92,2026-05-19
018994,sell,4.3330,572.92,2026-06-08
018994,sell,4.4534,286.46,2026-07-03

014143,buy,13.0257,230.31,2026-05-26
014143,sell,14.6814,115.16,2026-07-10

014419,buy,1.6945,1770.43,2026-05-20
014419,sell,1.9739,590.14,2026-07-10

020900,buy,3.7899,527.72,2026-05-19
020900,sell,3.9929,263.86,2026-07-03
020900,buy,3.3363,89.92,2026-07-17

015751,buy,1.6130,619.96,2026-03-25
015751,buy,1.8254,547.83,2026-04-22

015902,buy,1.3749,363.12,2026-04-15
015902,buy,1.5807,631.68,2026-06-08

012734,buy,1.3428,223.41,2025-08-14
012734,buy,1.4101,212.75,2025-08-19
012734,buy,1.4382,278.13,2025-08-21
012734,buy,1.5882,188.89,2025-08-25
012734,buy,1.7248,173.93,2025-09-01
012734,buy,1.6940,177.10,2025-09-12
012734,buy,1.7252,289.82,2025-09-23
012734,buy,1.7088,292.6,2025-10-10
012734,buy,1.6209,308.47,2025-10-14
012734,buy,1.6904,295.79,2025-11-10
012734,buy,1.6081,497.48,2025-11-25
012734,buy,1.6841,296.89,2025-12-04
012734,buy,1.9277,363.13,2026-01-15
012734,buy,1.9211,260.27,2026-01-16
012734,buy,1.8971,421.70,2026-01-19
012734,buy,1.8576,269.16,2026-01-20
012734,buy,1.9113,418.56,2026-01-23
012734,buy,1.7890,167.69,2026-02-05
012734,buy,1.7573,227.62,2026-02-06
012734,buy,1.8396,217.44,2026-02-10
012734,buy,1.7724,225.68,2026-03-09
012734,buy,1.7673,339.50,2026-03-16
012734,buy,1.7490,457.4,2026-03-20
012734,sell,2.0421,2201.14,2026-04-30
012734,sell,2.1422,1700,2026-06-08
012734,sell,2.3164,900.76,2026-07-03
012734,sell,2.3276,900.76,2026-07-13

